wiki_join_field,index_wiki,season,episode,main_segment_title_wiki,air_date,viewers,episode_overall,index_yt,channelTitle,title,publishedAt,videoId,duration,viewCount,commentCount,likeCount,dislikeCount,published_dow,main_segment_title_yt,duration_in_seconds,duration_time
2014-04-28,0,1,1,POM Wonderful LLC v. Coca-Cola Co.,2014-04-27,1110000.0,1,,,,,,,,,,,,,,
2014-05-05,1,1,2,Capital punishment,2014-05-04,1190000.0,2,52.0,LastWeekTonight,Death Penalty: Last Week Tonight with John Oliver (HBO),2014-05-05 06:30:02+00:00,Kye2oX-b39E,PT12M24S,12629811.0,8864.0,103823.0,2751.0,Monday,Death Penalty,744.0,0:12:24
2014-05-12,2,1,3,Global warming controversy,2014-05-11,1010000.0,3,224.0,LastWeekTonight,Eurovision and Crimea Coin: Last Week Tonight with John Oliver (HBO),2014-05-12 03:30:01+00:00,We1IvUe6KLo,PT6M56S,6799458.0,3084.0,45758.0,3725.0,Monday,Eurovision and Crimea Coin,416.0,0:06:56
2014-05-19,3,1,4,Right to be forgotten (Google Spain v AEPD and Mario Costeja González),2014-05-18,1030000.0,4,36.0,LastWeekTonight,Right To Be Forgotten: Last Week Tonight with John Oliver (HBO),2014-05-19 07:30:01+00:00,r-ERajkMXw0,PT7M,7177973.0,1686.0,49463.0,925.0,Monday,Right To Be Forgotten,420.0,0:07:00
2014-06-02,4,1,5,Net neutrality,2014-06-01,990000.0,5,5.0,LastWeekTonight,Net Neutrality: Last Week Tonight with John Oliver (HBO),2014-06-02 06:30:01+00:00,fpbOEoRrHyU,PT13M18S,15104714.0,8549.0,180036.0,2684.0,Monday,Net Neutrality,798.0,0:13:18
2014-06-09,5,1,6,FIFA,2014-06-08,950000.0,6,1.0,LastWeekTonight,FIFA and the World Cup: Last Week Tonight with John Oliver (HBO),2014-06-09 06:30:01+00:00,DlJEt2KU33I,PT13M14S,18142245.0,6178.0,147733.0,3019.0,Monday,FIFA and the World Cup,794.0,0:13:14
2014-06-16,6,1,7,Immigration reform,2014-06-15,910000.0,7,81.0,LastWeekTonight,Stephen Hawking Interview: Last Week Tonight with John Oliver (HBO),2014-06-16 03:52:18+00:00,T8y5EXFMD4s,PT6M6S,11573462.0,9748.0,156110.0,2665.0,Monday,Stephen Hawking Interview,366.0,0:06:06
2014-06-23,7,1,8,Dr. Oz's June 2014 Senate hearing and the Dietary Supplement Health and Education Act of 1994,2014-06-22,890000.0,8,38.0,LastWeekTonight,Dr. Oz and Nutritional Supplements: Last Week Tonight with John Oliver (HBO),2014-06-23 06:30:00+00:00,WA0wKeokWUU,PT16M26S,16817985.0,7022.0,123228.0,3777.0,Monday,Dr. Oz and Nutritional Supplements,986.0,0:16:26
2014-06-30,8,1,9,Burwell v. Hobby Lobby,2014-06-29,850000.0,9,280.0,LastWeekTonight,Uganda and Pepe Julian Onziema Pt. 1: Last Week Tonight with John Oliver (HBO),2014-06-30 06:30:01+00:00,G2W41pvvZs0,PT17M34S,8106378.0,7830.0,63746.0,7478.0,Monday,Uganda and Pepe Julian Onziema Pt. 1,1054.0,0:17:34
2014-07-14,9,1,10,Income inequality and wealth inequality,2014-07-13,840000.0,10,103.0,LastWeekTonight,Wealth Gap: Last Week Tonight with John Oliver (HBO),2014-07-14 06:30:01+00:00,LfgSEwjAeno,PT14M10S,16687198.0,8689.0,101955.0,4830.0,Monday,Wealth Gap,850.0,0:14:10
2014-07-21,10,1,11,Incarceration in the United States,2014-07-20,920000.0,11,102.0,LastWeekTonight,Prison: Last Week Tonight with John Oliver (HBO),2014-07-21 06:30:01+00:00,_Pz3syET3DY,PT17M43S,10263339.0,6288.0,95567.0,2190.0,Monday,Prison,1063.0,0:17:43
2014-07-28,11,1,12,Nuclear weapons and the United States,2014-07-27,1000000.0,12,57.0,LastWeekTonight,Nuclear Weapons: Last Week Tonight with John Oliver (HBO),2014-07-28 06:30:01+00:00,1Y1ya-yF35g,PT15M22S,19404524.0,10567.0,137860.0,4204.0,Monday,Nuclear Weapons,922.0,0:15:22
2014-08-04,12,1,13,Native advertising,2014-08-03,960000.0,13,30.0,LastWeekTonight,Native Advertising: Last Week Tonight with John Oliver (HBO),2014-08-04 06:30:01+00:00,E_F5GxCwizc,PT11M23S,11807984.0,3253.0,85140.0,1837.0,Monday,Native Advertising,683.0,0:11:23
2014-08-11,13,1,14,Payday loans,2014-08-10,940000.0,14,73.0,LastWeekTonight,Predatory Lending: Last Week Tonight with John Oliver (HBO),2014-08-11 06:30:01+00:00,PDylgzybWAw,PT16M32S,12861349.0,5254.0,80622.0,2523.0,Monday,Predatory Lending,992.0,0:16:32
2014-08-18,14,1,15,Shooting of Michael Brown and police militarization,2014-08-17,1030000.0,15,60.0,LastWeekTonight,"Ferguson, MO and Police Militarization: Last Week Tonight with John Oliver (HBO)",2014-08-18 06:30:01+00:00,KUdHIatS36A,PT15M10S,12449768.0,9704.0,105069.0,4684.0,Monday,"Ferguson, MO and Police Militarization",910.0,0:15:10
2014-09-08,15,1,16,Student debt,2014-09-07,660000.0,16,80.0,LastWeekTonight,Student Debt: Last Week Tonight with John Oliver (HBO),2014-09-08 06:30:01+00:00,P8pjd1QEA0c,PT16M17S,12801244.0,7640.0,96902.0,2400.0,Monday,Student Debt,977.0,0:16:17
2014-09-15,16,1,17,Scottish independence referendum,2014-09-14,700000.0,17,43.0,LastWeekTonight,Scottish Independence: Last Week Tonight with John Oliver (HBO),2014-09-15 06:30:01+00:00,-YkLPxQp_y0,PT15M19S,16301686.0,10581.0,116926.0,4383.0,Monday,Scottish Independence,919.0,0:15:19
2014-09-22,17,1,18,"United States embargo against Cuba, Miss America 2015",2014-09-21,830000.0,18,26.0,LastWeekTonight,Miss America Pageant: Last Week Tonight with John Oliver (HBO),2014-09-22 06:30:01+00:00,oDPCmmZifE8,PT15M25S,21983666.0,9861.0,165672.0,5490.0,Monday,Miss America Pageant,925.0,0:15:25
2014-09-29,18,1,19,Drones,2014-09-28,710000.0,19,71.0,LastWeekTonight,Drones: Last Week Tonight with John Oliver (HBO),2014-09-29 06:30:01+00:00,K4NRJoCNHIs,PT12M57S,13502519.0,6885.0,90159.0,3186.0,Monday,Drones,777.0,0:12:57
2014-10-06,19,1,20,Civil Asset Forfeiture,2014-10-05,660000.0,20,67.0,LastWeekTonight,Civil Forfeiture: Last Week Tonight with John Oliver (HBO),2014-10-06 06:30:02+00:00,3kEpZWGgJks,PT16M30S,14121174.0,11016.0,110550.0,2625.0,Monday,Civil Forfeiture,990.0,0:16:30
2014-10-20,20,1,21,Special Immigrant Visa,2014-10-19,620000.0,21,46.0,LastWeekTonight,Translators: Last Week Tonight with John Oliver (HBO),2014-10-20 06:30:02+00:00,QplQL5eAxlY,PT16M7S,10504236.0,5811.0,107635.0,1532.0,Monday,Translators,967.0,0:16:07
2014-10-27,21,1,22,Sugar,2014-10-26,760000.0,22,7.0,LastWeekTonight,Sugar: Last Week Tonight with John Oliver (HBO),2014-10-27 06:30:00+00:00,MepXBJjsNxs,PT11M34S,17586401.0,7686.0,112840.0,3517.0,Monday,Sugar,694.0,0:11:34
2014-11-03,22,1,23,American Legislative Exchange Council,2014-11-02,600000.0,23,61.0,LastWeekTonight,State Legislatures and ALEC: Last Week Tonight with John Oliver (HBO),2014-11-03 07:30:00+00:00,aIMgfBZrrZ8,PT17M18S,9723798.0,4220.0,53976.0,1720.0,Monday,State Legislatures and ALEC,1038.0,0:17:18
2014-11-10,23,1,24,Lotteries,2014-11-09,800000.0,24,14.0,LastWeekTonight,The Lottery: Last Week Tonight with John Oliver (HBO),2014-11-10 07:30:01+00:00,9PK-netuhHA,PT14M36S,14057027.0,5295.0,93348.0,2505.0,Monday,The Lottery,876.0,0:14:36
2015-02-09,24,2,1,Pharmaceutical marketing,2015-02-08,720000.0,25,116.0,LastWeekTonight,Marketing to Doctors: Last Week Tonight with John Oliver (HBO),2015-02-09 07:30:01+00:00,YQZ2UeOTO3I,PT17M13S,11756249.0,5326.0,89446.0,1906.0,Monday,Marketing to Doctors,1033.0,0:17:13
2015-02-16,25,2,2,Tobacco,2015-02-15,510000.0,26,98.0,LastWeekTonight,Tobacco: Last Week Tonight with John Oliver (HBO),2015-02-16 07:30:00+00:00,6UsHHOCH4q8,PT18M11S,19473357.0,13736.0,192139.0,5833.0,Monday,Tobacco,1091.0,0:18:11
2015-02-23,26,2,3,Judicial elections,2015-02-22,470000.0,27,44.0,LastWeekTonight,Elected Judges: Last Week Tonight with John Oliver (HBO),2015-02-23 14:25:31+00:00,poL7l-Uk3I8,PT13M27S,8398926.0,3431.0,59732.0,1626.0,Monday,Elected Judges,807.0,0:13:27
2015-03-02,27,2,4,Infrastructure,2015-03-01,710000.0,28,121.0,LastWeekTonight,Infrastructure: Last Week Tonight with John Oliver (HBO),2015-03-02 12:24:57+00:00,Wpzvaqypav8,PT21M14S,13120966.0,8157.0,106770.0,2545.0,Monday,Infrastructure,1274.0,0:21:14
2015-03-09,28,2,5,Voting rights in the U.S. territories,2015-03-08,690000.0,29,28.0,LastWeekTonight,U.S. Territories: Last Week Tonight with John Oliver (HBO),2015-03-09 06:30:00+00:00,CesHr99ezWE,PT13M12S,9833920.0,7780.0,101856.0,2301.0,Monday,U.S. Territories,792.0,0:13:12
2015-03-16,29,2,6,National Collegiate Athletic Association,2015-03-15,840000.0,30,89.0,LastWeekTonight,The NCAA: Last Week Tonight with John Oliver (HBO),2015-03-16 06:30:01+00:00,pX8BXH3SJn0,PT20M54S,13165547.0,7912.0,106188.0,3041.0,Monday,The NCAA,1254.0,0:20:54
2015-03-23,30,2,7,Municipal violations,2015-03-22,780000.0,31,137.0,LastWeekTonight,Municipal Violations: Last Week Tonight with John Oliver (HBO),2015-03-23 06:30:01+00:00,0UjpmT5noto,PT17M55S,9945108.0,9132.0,82049.0,2594.0,Monday,Municipal Violations,1075.0,0:17:55
2015-04-06,31,2,8,Government surveillance,2015-04-05,650000.0,32,138.0,LastWeekTonight,Government Surveillance: Last Week Tonight with John Oliver (HBO),2015-04-06 06:30:01+00:00,XEVlyP4_11M,PT33M14S,24980220.0,15683.0,248282.0,6500.0,Monday,Government Surveillance,1994.0,0:33:14
2015-04-13,32,2,9,Internal Revenue Service,2015-04-12,1320000.0,33,206.0,LastWeekTonight,The IRS: Last Week Tonight with John Oliver (HBO),2015-04-13 06:30:01+00:00,Nn_Zln_4pA8,PT18M27S,8575569.0,5189.0,67958.0,2205.0,Monday,The IRS,1107.0,0:18:27
2015-04-20,33,2,10,Patent trolls,2015-04-19,1450000.0,34,21.0,LastWeekTonight,Patents: Last Week Tonight with John Oliver (HBO),2015-04-20 06:30:00+00:00,3bxcc3SM_KA,PT11M4S,8246036.0,2955.0,74708.0,1520.0,Monday,Patents,664.0,0:11:04
2015-04-27,34,2,11,Child labor in the fashion industry,2015-04-26,1390000.0,35,31.0,LastWeekTonight,Fashion: Last Week Tonight with John Oliver (HBO),2015-04-27 06:30:00+00:00,VdLf4fihP78,PT17M10S,14664065.0,7293.0,116202.0,2852.0,Monday,Fashion,1030.0,0:17:10
2015-05-04,35,2,12,Standardized testing,2015-05-03,1400000.0,36,90.0,LastWeekTonight,Standardized Testing: Last Week Tonight with John Oliver (HBO),2015-05-04 06:30:00+00:00,J6lyURyVz7k,PT18M2S,14846845.0,13420.0,125242.0,3129.0,Monday,Standardized Testing,1082.0,0:18:02
2015-05-11,36,2,13,Paid parental leave,2015-05-10,1200000.0,37,79.0,LastWeekTonight,Paid Family Leave: Last Week Tonight with John Oliver (HBO),2015-05-11 06:30:01+00:00,zIhKAQX5izw,PT12M21S,8532856.0,9474.0,76556.0,2381.0,Monday,Paid Family Leave,741.0,0:12:21
2015-05-18,37,2,14,Chicken contract farming,2015-05-17,1040000.0,38,85.0,LastWeekTonight,Chickens: Last Week Tonight with John Oliver (HBO),2015-05-18 06:30:01+00:00,X9wHzt6gBgI,PT18M22S,12054658.0,8264.0,109766.0,2955.0,Monday,Chickens,1102.0,0:18:22
2015-06-01,38,2,15,2015 FIFA corruption case,2015-05-31,1390000.0,39,32.0,LastWeekTonight,FIFA II: Last Week Tonight with John Oliver (HBO),2015-06-01 12:46:49+00:00,qr6ar3xJL_Q,PT13M13S,9571513.0,4454.0,100474.0,1748.0,Monday,FIFA II,793.0,0:13:13
2015-06-08,39,2,16,Bail,2015-06-07,1260000.0,40,72.0,LastWeekTonight,Bail: Last Week Tonight with John Oliver (HBO),2015-06-08 06:30:01+00:00,IS5mwymTIJU,PT17M50S,9699192.0,5720.0,86969.0,2149.0,Monday,Bail,1070.0,0:17:50
2015-06-15,40,2,17,Torture,2015-06-14,1260000.0,41,53.0,LastWeekTonight,Torture: Last Week Tonight with John Oliver (HBO),2015-06-15 06:30:00+00:00,zmeF2rzsZSU,PT15M13S,10755787.0,6659.0,97196.0,2401.0,Monday,Torture,913.0,0:15:13
2015-06-22,41,2,18,Online harassment and revenge porn,2015-06-21,1370000.0,42,285.0,LastWeekTonight,Online Harassment: Last Week Tonight with John Oliver (HBO),2015-06-22 06:30:00+00:00,PuNIwYsz7PI,PT16M50S,11997111.0,32709.0,130204.0,40579.0,Monday,Online Harassment,1010.0,0:16:50
2015-06-29,42,2,19,Transgender rights,2015-06-28,1240000.0,43,258.0,LastWeekTonight,Transgender Rights: Last Week Tonight with John Oliver (HBO),2015-06-29 06:30:01+00:00,hmoAX9f6MOc,PT16M47S,10626578.0,24656.0,139012.0,15768.0,Monday,Transgender Rights,1007.0,0:16:47
2015-07-13,43,2,20,Stadiums,2015-07-12,1010000.0,44,101.0,LastWeekTonight,Stadiums: Last Week Tonight with John Oliver (HBO),2015-07-13 06:30:01+00:00,xcwJt4bcnXs,PT19M8S,13061341.0,9528.0,114240.0,2946.0,Monday,Stadiums,1148.0,0:19:08
2015-07-20,44,2,21,Food waste,2015-07-19,1040000.0,45,131.0,LastWeekTonight,Food Waste: Last Week Tonight with John Oliver (HBO),2015-07-20 06:30:01+00:00,i8xwLWb0lLY,PT17M50S,13506745.0,9238.0,132137.0,3150.0,Monday,Food Waste,1070.0,0:17:50
2015-07-27,45,2,22,Mandatory sentencing in the United States,2015-07-26,940000.0,46,55.0,LastWeekTonight,Mandatory Minimums: Last Week Tonight with John Oliver (HBO),2015-07-27 06:30:00+00:00,pDVmldTurqk,PT15M25S,7517018.0,4440.0,73620.0,1830.0,Monday,Mandatory Minimums,925.0,0:15:25
2015-08-03,46,2,23,Washington D.C. voting rights and statehood movement,2015-08-02,980000.0,47,42.0,LastWeekTonight,Washington DC Statehood: Last Week Tonight with John Oliver (HBO),2015-08-03 06:30:01+00:00,4Z4j2CrJRn4,PT17M3S,9059566.0,9232.0,98506.0,2782.0,Monday,Washington DC Statehood,1023.0,0:17:03
2015-08-10,47,2,24,Sex education in the United States,2015-08-09,930000.0,48,296.0,LastWeekTonight,Sex Education: Last Week Tonight with John Oliver (HBO),2015-08-10 06:30:00+00:00,L0jQz6jqQS0,PT21M5S,20787846.0,22921.0,256540.0,7873.0,Monday,Sex Education,1265.0,0:21:05
2015-08-17,48,2,25,Predatory churches and televangelism,2015-08-16,1010000.0,49,75.0,LastWeekTonight,Televangelists: Last Week Tonight with John Oliver (HBO),2015-08-17 06:30:01+00:00,7y1xJAVZxXg,PT20M6S,31934581.0,40706.0,318140.0,11797.0,Monday,Televangelists,1206.0,0:20:06
2015-08-24,49,2,26,LGBT rights in the United States,2015-08-23,1030000.0,50,254.0,LastWeekTonight,LGBT Discrimination: Last Week Tonight with John Oliver (HBO),2015-08-24 06:30:01+00:00,5d667Bb_iYA,PT14M46S,11606108.0,21404.0,129028.0,10275.0,Monday,LGBT Discrimination,886.0,0:14:46
2015-09-14,50,2,27,Public defenders in the United States,2015-09-13,690000.0,51,74.0,LastWeekTonight,Public Defenders: Last Week Tonight with John Oliver (HBO),2015-09-14 06:30:31+00:00,USkEzLuzmZ4,PT15M,9481965.0,5736.0,74673.0,1981.0,Monday,Public Defenders,900.0,0:15:00
2015-09-28,51,2,28,European migrant crisis,2015-09-27,660000.0,52,278.0,LastWeekTonight,Migrants and Refugees: Last Week Tonight with John Oliver (HBO),2015-09-28 12:20:32+00:00,umqvYhb3wf4,PT17M56S,11265587.0,26600.0,123983.0,32316.0,Monday,Migrants and Refugees,1076.0,0:17:56
2015-10-05,52,2,29,Mental health in the United States,2015-10-04,680000.0,53,33.0,LastWeekTonight,Mental Health: Last Week Tonight with John Oliver (HBO),2015-10-05 06:30:01+00:00,NGY6DqB1HX8,PT11M55S,10899855.0,7881.0,116827.0,2977.0,Monday,Mental Health,715.0,0:11:55
2015-10-12,53,2,30,North Dakota oil boom,2015-10-11,700000.0,54,177.0,LastWeekTonight,North Dakota: Last Week Tonight with John Oliver (HBO),2015-10-12 06:30:01+00:00,jYusNNldesc,PT19M34S,13688175.0,6016.0,87345.0,3718.0,Monday,North Dakota,1174.0,0:19:34
2015-10-19,54,2,31,2015 Canadian federal election,2015-10-18,720000.0,55,184.0,LastWeekTonight,Canadian Election: Last Week Tonight with John Oliver (HBO),2015-10-19 06:30:00+00:00,0V5ckcTSYu8,PT15M21S,13461003.0,15388.0,114071.0,8247.0,Monday,Canadian Election,921.0,0:15:21
2015-11-02,55,2,32,2015 United States elections,2015-11-01,690000.0,56,127.0,LastWeekTonight,Medicaid Gap: Last Week Tonight with John Oliver (HBO),2015-11-02 07:30:00+00:00,5d3nASKtGas,PT14M5S,4886481.0,4396.0,48944.0,1426.0,Monday,Medicaid Gap,845.0,0:14:05
2015-11-09,56,2,33,Prisoner reentry,2015-11-08,910000.0,57,144.0,LastWeekTonight,Prisoner Re-entry: Last Week Tonight with John Oliver (HBO),2015-11-09 07:30:01+00:00,gJtYRxH5G2k,PT18M45S,8001299.0,5291.0,75717.0,1951.0,Monday,Prisoner Re-entry,1125.0,0:18:45
2015-11-16,57,2,34,Daily fantasy sports,2015-11-15,710000.0,58,109.0,LastWeekTonight,Daily Fantasy Sports: Last Week Tonight with John Oliver (HBO),2015-11-16 07:30:01+00:00,Mq785nJ0FXQ,PT19M3S,9648845.0,5214.0,75928.0,2227.0,Monday,Daily Fantasy Sports,1143.0,0:19:03
2015-11-23,58,2,35,Penny manufacturing costs,2015-11-22,780000.0,59,6.0,LastWeekTonight,Pennies: Last Week Tonight with John Oliver (HBO),2015-11-23 07:30:00+00:00,_tyszHg96KI,PT9M36S,9111055.0,7499.0,87953.0,2276.0,Monday,Pennies,576.0,0:09:36
2016-02-15,59,3,1,Voter ID laws in the United States,2016-02-14,1020000.0,60,249.0,LastWeekTonight,Voting: Last Week Tonight with John Oliver (HBO),2016-02-15 07:30:00+00:00,rHFOwlMCdto,PT14M9S,9854296.0,16701.0,110748.0,9834.0,Monday,Voting,849.0,0:14:09
2016-02-22,60,3,2,Abortion in the United States,2016-02-21,920000.0,61,231.0,LastWeekTonight,Abortion Laws: Last Week Tonight with John Oliver (HBO),2016-02-22 07:30:00+00:00,DRauXXz6t0Y,PT16M1S,10423339.0,34979.0,145951.0,10458.0,Monday,Abortion Laws,961.0,0:16:01
2016-02-29,61,3,3,"Donald Trump presidential campaign, 2016",2016-02-28,700000.0,62,240.0,LastWeekTonight,Donald Trump: Last Week Tonight with John Oliver (HBO),2016-02-29 07:30:30+00:00,DnpO_RTSNmQ,PT21M54S,37681795.0,57876.0,508066.0,30242.0,Monday,Donald Trump,1314.0,0:21:54
2016-03-07,62,3,4,Special-purpose districts,2016-03-06,820000.0,63,45.0,LastWeekTonight,Special Districts: Last Week Tonight with John Oliver (HBO),2016-03-07 07:30:00+00:00,3saU5racsGE,PT15M20S,7663099.0,4661.0,81233.0,2220.0,Monday,Special Districts,920.0,0:15:20
2016-03-14,63,3,5,FBI–Apple encryption dispute,2016-03-13,960000.0,64,76.0,LastWeekTonight,Encryption: Last Week Tonight with John Oliver (HBO),2016-03-14 06:30:00+00:00,zsjZ2r9Ygzw,PT18M1S,12290966.0,8346.0,139046.0,3319.0,Monday,Encryption,1081.0,0:18:01
2016-03-21,64,3,6,Proposal for a border wall between the U.S. and Mexico,2016-03-20,930000.0,65,162.0,LastWeekTonight,Border Wall: Last Week Tonight with John Oliver (HBO),2016-03-21 06:30:00+00:00,vU8dCYocuyI,PT18M33S,21539646.0,25295.0,221112.0,12723.0,Monday,Border Wall,1113.0,0:18:33
2016-04-04,65,3,7,Congressional fundraising,2016-04-03,950000.0,66,140.0,LastWeekTonight,Congressional Fundraising: Last Week Tonight with John Oliver (HBO),2016-04-04 06:30:00+00:00,Ylomy1Aw9Hk,PT21M25S,8492411.0,4535.0,74528.0,2164.0,Monday,Congressional Fundraising,1285.0,0:21:25
2016-04-11,66,3,8,"Credit scores in the United States (Equifax, Experian, TransUnion) and background checks",2016-04-10,910000.0,67,84.0,LastWeekTonight,Credit Reports: Last Week Tonight with John Oliver (HBO),2016-04-11 06:30:04+00:00,aRrDsbUdY_k,PT18M46S,10789523.0,6029.0,94330.0,2930.0,Monday,Credit Reports,1126.0,0:18:46
2016-04-18,67,3,9,Flint water crisis and lead poisoning,2016-04-17,850000.0,68,77.0,LastWeekTonight,Lead: Last Week Tonight with John Oliver (HBO),2016-04-18 06:30:06+00:00,GUizvEjR-0U,PT18M33S,9889136.0,7913.0,114397.0,2618.0,Monday,Lead,1113.0,0:18:33
2016-04-25,68,3,10,Puerto Rican government-debt crisis,2016-04-24,1340000.0,69,193.0,LastWeekTonight,Puerto Rico: Last Week Tonight with John Oliver (HBO),2016-04-25 06:30:01+00:00,Tt-mpuR_QHQ,PT21M22S,11937961.0,10751.0,154734.0,4500.0,Monday,Puerto Rico,1282.0,0:21:22
2016-05-09,69,3,11,Scientific research and science journalism,2016-05-08,1420000.0,70,125.0,LastWeekTonight,Scientific Studies: Last Week Tonight with John Oliver (HBO),2016-05-09 06:30:00+00:00,0Rnq1NpHdmw,PT19M28S,16860669.0,12634.0,160374.0,5138.0,Monday,Scientific Studies,1168.0,0:19:28
2016-05-16,70,3,12,911 emergency telephone number,2016-05-15,1380000.0,71,99.0,LastWeekTonight,911: Last Week Tonight with John Oliver (HBO),2016-05-16 06:30:02+00:00,A-XlyB_QQYs,PT15M57S,10578386.0,7280.0,106309.0,3204.0,Monday,911,957.0,0:15:57
2016-05-23,71,3,13,Democratic and Republican presidential primaries and the primary process,2016-05-22,1270000.0,72,128.0,LastWeekTonight,Primaries and Caucuses: Last Week Tonight with John Oliver (HBO),2016-05-23 06:30:01+00:00,_S2G8jhhUHg,PT14M28S,6827957.0,12028.0,79108.0,3672.0,Monday,Primaries and Caucuses,868.0,0:14:28
2016-06-06,72,3,14,Debt buying industry,2016-06-05,1610000.0,73,78.0,LastWeekTonight,Debt Buyers: Last Week Tonight with John Oliver (HBO),2016-06-06 06:30:00+00:00,hxUAntt1z2c,PT20M51S,16074283.0,14424.0,180170.0,4586.0,Monday,Debt Buyers,1251.0,0:20:51
2016-06-13,73,3,15,Retirement plans and financial advisers,2016-06-12,1210000.0,74,100.0,LastWeekTonight,Retirement Plans: Last Week Tonight with John Oliver (HBO),2016-06-13 06:30:00+00:00,gvZSpET11ZY,PT21M30S,15382382.0,6798.0,137504.0,3973.0,Monday,Retirement Plans,1290.0,0:21:30
2016-06-20,74,3,16,2016 United Kingdom European Union membership referendum,2016-06-19,1440000.0,75,270.0,LastWeekTonight,Brexit: Last Week Tonight with John Oliver (HBO),2016-06-20 06:30:00+00:00,iAgKHSNqxa8,PT15M39S,16925971.0,34638.0,174449.0,30896.0,Monday,Brexit,939.0,0:15:39
2016-06-27,75,3,17,2016 Summer Olympics and doping in sports,2016-06-26,1530000.0,76,164.0,LastWeekTonight,Doping: Last Week Tonight with John Oliver (HBO),2016-06-27 06:30:00+00:00,BgyqAD5Z6_A,PT20M33S,11968398.0,5836.0,95473.0,4354.0,Monday,Doping,1233.0,0:20:33
2016-07-25,76,3,18,2016 Republican National Convention,2016-07-24,1090000.0,77,241.0,LastWeekTonight,Republican National Convention: Last Week Tonight with John Oliver (HBO),2016-07-25 06:30:00+00:00,zNdkrtfZP8I,PT11M32S,9577116.0,13379.0,98831.0,10221.0,Monday,Republican National Convention,692.0,0:11:32
2016-08-01,77,3,19,2016 Democratic National Convention,2016-07-31,1270000.0,78,272.0,LastWeekTonight,Democratic National Convention: Last Week Tonight with John Oliver (HBO),2016-08-01 06:30:01+00:00,BUCnjlTfXDw,PT18M10S,10168089.0,18821.0,90527.0,14583.0,Monday,Democratic National Convention,1090.0,0:18:10
2016-08-08,78,3,20,Decline of newspapers in the United States,2016-08-07,1010000.0,79,236.0,LastWeekTonight,Journalism: Last Week Tonight with John Oliver (HBO),2016-08-08 06:30:01+00:00,bq2_wSsDwkQ,PT19M23S,13021697.0,9684.0,130514.0,4323.0,Monday,Journalism,1163.0,0:19:23
2016-08-15,79,3,21,Car finance and subprime lending,2016-08-14,970000.0,80,149.0,LastWeekTonight,Auto Lending: Last Week Tonight with John Oliver (HBO),2016-08-15 06:30:01+00:00,4U2eDJnwz_s,PT17M56S,12207319.0,10983.0,105787.0,3931.0,Monday,Auto Lending,1076.0,0:17:56
2016-08-22,80,3,22,Charter schools in the United States,2016-08-21,1150000.0,81,187.0,LastWeekTonight,Charter Schools: Last Week Tonight with John Oliver (HBO),2016-08-22 06:30:01+00:00,l_htSPGAY7I,PT18M13S,12522947.0,10524.0,106009.0,6336.0,Monday,Charter Schools,1093.0,0:18:13
2016-09-26,81,3,23,Hillary Clinton's controversies and Donald Trump's controversies,2016-09-25,880000.0,82,259.0,LastWeekTonight,Scandals: Last Week Tonight with John Oliver (HBO),2016-09-26 06:30:01+00:00,h1Lfd1aB9YI,PT21M16S,16977386.0,24405.0,165173.0,18296.0,Monday,Scandals,1276.0,0:21:16
2016-10-03,82,3,24,Police accountability and police reform,2016-10-02,1100000.0,83,197.0,LastWeekTonight,Police Accountability: Last Week Tonight with John Oliver (HBO),2016-10-03 06:30:00+00:00,zaD84DTGULo,PT19M55S,14790030.0,16665.0,180003.0,8707.0,Monday,Police Accountability,1195.0,0:19:55
2016-10-10,83,3,25,Guantanamo Bay detention camp,2016-10-09,1080000.0,84,150.0,LastWeekTonight,Guantánamo: Last Week Tonight with John Oliver (HBO),2016-10-10 06:30:00+00:00,KEbFtMgGhPY,PT20M41S,9097229.0,7262.0,103961.0,4112.0,Monday,Guantánamo,1241.0,0:20:41
2016-10-17,84,3,26,"Jill Stein presidential campaign, 2016 and Gary Johnson presidential campaign, 2016",2016-10-16,1340000.0,85,284.0,LastWeekTonight,Third Parties: Last Week Tonight with John Oliver (HBO),2016-10-17 06:30:00+00:00,k3O01EfM5fU,PT18M39S,12405172.0,24696.0,120101.0,23636.0,Monday,Third Parties,1119.0,0:18:39
2016-10-24,85,3,27,Opioid abuse,2016-10-23,1180000.0,86,112.0,LastWeekTonight,Opioids: Last Week Tonight with John Oliver (HBO),2016-10-24 06:30:00+00:00,5pdPrQFjo2o,PT19M23S,13892243.0,12591.0,119696.0,5633.0,Monday,Opioids,1163.0,0:19:23
2016-10-31,86,3,28,School segregation in the United States,2016-10-30,1030000.0,87,244.0,LastWeekTonight,School Segregation: Last Week Tonight with John Oliver (HBO),2016-10-31 06:30:30+00:00,o8yiYCHMAlM,PT17M59S,10994745.0,20639.0,121349.0,12686.0,Monday,School Segregation,1079.0,0:17:59
2016-11-07,87,3,29,Multi-level marketing,2016-11-06,1050000.0,88,204.0,LastWeekTonight,Multilevel Marketing: Last Week Tonight with John Oliver (HBO),2016-11-07 12:00:03+00:00,s6MwGeOm8iI,PT31M58S,23994223.0,24107.0,262251.0,11665.0,Monday,Multilevel Marketing,1918.0,0:31:58
2016-11-14,88,3,30,2016 United States election results,2016-11-13,1170000.0,89,283.0,LastWeekTonight,President-Elect Trump: Last Week Tonight with John Oliver (HBO),2016-11-14 04:30:01+00:00,-rSDUsMwakI,PT29M1S,17967381.0,42935.0,223627.0,52031.0,Monday,President-Elect Trump,1741.0,0:29:01
2017-02-13,89,4,1,Trump vs. Truth,2017-02-12,1190000.0,90,243.0,LastWeekTonight,Trump vs. Truth: Last Week Tonight with John Oliver (HBO),2017-02-13 07:30:01+00:00,xecEV4dSAXE,PT23M50S,31388690.0,33492.0,369019.0,28827.0,Monday,Trump vs. Truth,1430.0,0:23:50
2017-02-20,90,4,2,Vladimir Putin and Russia–United States relations,2017-02-19,1250000.0,91,264.0,LastWeekTonight,Putin: Last Week Tonight with John Oliver (HBO),2017-02-20 07:30:01+00:00,0utzB6oDan0,PT20M6S,17051596.0,20752.0,195791.0,23872.0,Monday,Putin,1206.0,0:20:06
2017-02-27,91,4,3,Patient Protection and Affordable Care Act and Republican replacement proposals,2017-02-26,720000.0,92,226.0,LastWeekTonight,Obamacare: Last Week Tonight with John Oliver (HBO),2017-02-27 07:30:01+00:00,YEGpriv2TAc,PT18M53S,10222070.0,14856.0,137963.0,9151.0,Monday,Obamacare,1133.0,0:18:53
2017-03-06,92,4,4,Tibetan sovereignty debate and Human rights in Tibet,2017-03-05,1280000.0,93,117.0,LastWeekTonight,Dalai Lama: Last Week Tonight with John Oliver (HBO),2017-03-06 07:30:01+00:00,bLY45o6rHm0,PT18M52S,13134049.0,20302.0,219507.0,10898.0,Monday,Dalai Lama,1132.0,0:18:52
2017-03-13,93,4,5,American Health Care Act,2017-03-12,1120000.0,94,227.0,LastWeekTonight,American Health Care Act: Last Week Tonight with John Oliver (HBO),2017-03-13 06:30:00+00:00,Ifi9M7DRazI,PT18M31S,9400075.0,11408.0,122564.0,6501.0,Monday,American Health Care Act,1111.0,0:18:31
2017-03-20,94,4,6,United States federal budget,2017-03-19,1030000.0,95,155.0,LastWeekTonight,Federal Budget: Last Week Tonight with John Oliver (HBO),2017-03-20 06:30:00+00:00,ySTQk6updjQ,PT12M5S,9774105.0,8222.0,100255.0,5837.0,Monday,Federal Budget,725.0,0:12:05
2017-04-03,95,4,7,Cannabis in the United States,2017-04-02,1180000.0,96,59.0,LastWeekTonight,Marijuana: Last Week Tonight with John Oliver (HBO),2017-04-03 06:30:00+00:00,BcR_Wg42dv8,PT16M52S,12155516.0,12704.0,161940.0,7878.0,Monday,Marijuana,1012.0,0:16:52
2017-04-10,96,4,8,Gerrymandering in the United States,2017-04-09,1150000.0,97,114.0,LastWeekTonight,Gerrymandering: Last Week Tonight with John Oliver (HBO),2017-04-10 06:30:00+00:00,A-4dIImaodQ,PT19M34S,9795334.0,9126.0,116814.0,4737.0,Monday,Gerrymandering,1174.0,0:19:34
2017-04-17,97,4,9,2017 French presidential election,2017-04-16,1180000.0,98,250.0,LastWeekTonight,French Elections: Last Week Tonight with John Oliver (HBO),2017-04-17 06:30:00+00:00,hkZir1L7fSY,PT18M9S,12820003.0,23139.0,200755.0,20753.0,Monday,French Elections,1089.0,0:18:09
2017-04-24,98,4,10,Ivanka Trump and Jared Kushner,2017-04-23,1190000.0,99,207.0,LastWeekTonight,Ivanka &amp; Jared: Last Week Tonight with John Oliver (HBO),2017-04-24 06:30:01+00:00,wD8AwgO0AQI,PT22M28S,20224747.0,11387.0,176526.0,12483.0,Monday,Ivanka &amp; Jared,1348.0,0:22:28
2017-05-08,99,4,11,Net neutrality,2017-05-07,1180000.0,100,64.0,LastWeekTonight,Net Neutrality II: Last Week Tonight with John Oliver (HBO),2017-05-08 06:30:00+00:00,92vuuZt7wak,PT19M33S,8229985.0,12526.0,209973.0,4191.0,Monday,Net Neutrality II,1173.0,0:19:33
2017-05-15,100,4,12,Dialysis and DaVita Inc.,2017-05-14,1360000.0,101,151.0,LastWeekTonight,Dialysis: Last Week Tonight with John Oliver (HBO),2017-05-15 06:30:01+00:00,yw_nqzVfxFQ,PT24M10S,9755302.0,7444.0,111245.0,3778.0,Monday,Dialysis,1450.0,0:24:10
2017-05-22,101,4,13,"""Stupid Watergate""",2017-05-21,1420000.0,102,123.0,LastWeekTonight,Stupid Watergate: Last Week Tonight with John Oliver (HBO),2017-05-22 06:30:00+00:00,FVFdsl29s_Q,PT24M6S,14607366.0,10459.0,156504.0,7384.0,Monday,Stupid Watergate,1446.0,0:24:06
2017-06-05,102,4,14,United States withdrawal from the Paris Agreement,2017-06-04,1220000.0,103,229.0,LastWeekTonight,Paris Agreement: Last Week Tonight with John Oliver (HBO),2017-06-05 06:30:00+00:00,5scez5dqtAc,PT20M58S,12623000.0,14198.0,172913.0,12465.0,Monday,Paris Agreement,1258.0,0:20:58
2017-06-12,103,4,15,2017 United Kingdom general election and Brexit negotiations,2017-06-11,1240000.0,104,200.0,LastWeekTonight,Brexit II: Last Week Tonight with John Oliver (HBO),2017-06-12 06:30:00+00:00,fyVz5vgqBhE,PT19M11S,9724947.0,8507.0,139997.0,5361.0,Monday,Brexit II,1151.0,0:19:11
2017-06-19,104,4,16,Coal mining in the United States and Bob Murray,2017-06-18,1280000.0,105,108.0,LastWeekTonight,Coal: Last Week Tonight with John Oliver (HBO),2017-06-19 06:30:00+00:00,aw6RsUhw1Q8,PT24M21S,14672649.0,12381.0,196498.0,8643.0,Monday,Coal,1461.0,0:24:21
2017-06-26,105,4,17,Vaccine safety,2017-06-25,1310000.0,106,223.0,LastWeekTonight,Vaccines: Last Week Tonight with John Oliver (HBO),2017-06-26 06:30:01+00:00,7VG_s2PCH_c,PT27M15S,18572483.0,43530.0,222807.0,13034.0,Monday,Vaccines,1635.0,0:27:15
2017-07-03,106,4,18,Local news and Sinclair Broadcast Group,2017-07-02,1140000.0,107,247.0,LastWeekTonight,Sinclair Broadcast Group: Last Week Tonight with John Oliver (HBO),2017-07-03 06:30:00+00:00,GvtNyOzGogc,PT19M,10933233.0,9620.0,127388.0,7742.0,Monday,Sinclair Broadcast Group,1140.0,0:19:00
2017-07-31,107,4,19,Alex Jones and InfoWars,2017-07-30,1760000.0,108,271.0,LastWeekTonight,Alex Jones: Last Week Tonight with John Oliver (HBO),2017-07-31 06:30:01+00:00,WyGq6cjcc3Q,PT22M22S,17142598.0,31921.0,226802.0,38581.0,Monday,Alex Jones,1342.0,0:22:22
2017-08-07,108,4,20,United States Border Patrol,2017-08-06,1750000.0,109,257.0,LastWeekTonight,Border Patrol: Last Week Tonight with John Oliver (HBO),2017-08-07 06:30:01+00:00,NnW5EjwtE2U,PT20M21S,10804187.0,7920.0,106209.0,10430.0,Monday,Border Patrol,1221.0,0:20:21
2017-08-14,109,4,21,2017 North Korea crisis,2017-08-13,1930000.0,110,218.0,LastWeekTonight,North Korea: Last Week Tonight with John Oliver (HBO),2017-08-14 06:30:01+00:00,TrS0uNBuG9c,PT27M,16650830.0,14939.0,194728.0,10671.0,Monday,North Korea,1620.0,0:27:00
2017-08-21,110,4,22,Nuclear waste and waste management,2017-08-20,1760000.0,111,160.0,LastWeekTonight,Nuclear Waste: Last Week Tonight with John Oliver (HBO),2017-08-21 06:30:00+00:00,ZwY2E0hjGuU,PT18M17S,10140140.0,10605.0,119364.0,6116.0,Monday,Nuclear Waste,1097.0,0:18:17
2017-09-11,111,4,23,Presidential pardon of Joe Arpaio,2017-09-10,970000.0,112,156.0,LastWeekTonight,Joe Arpaio: Last Week Tonight with John Oliver (HBO),2017-09-11 07:30:00+00:00,1ZNZY-gd3K0,PT14M18S,7752973.0,8563.0,98422.0,5785.0,Monday,Joe Arpaio,858.0,0:14:18
2017-09-25,112,4,24,Corporate consolidation,2017-09-24,1250000.0,113,105.0,LastWeekTonight,Corporate Consolidation: Last Week Tonight with John Oliver (HBO),2017-09-25 06:30:00+00:00,00wQYmvfhn4,PT15M10S,9781008.0,7002.0,121429.0,3467.0,Monday,Corporate Consolidation,910.0,0:15:10
2017-10-02,113,4,25,Forensic evidence,2017-10-01,1270000.0,114,142.0,LastWeekTonight,Forensic Science: Last Week Tonight with John Oliver (HBO),2017-10-02 06:30:00+00:00,ScmJvmzDcG0,PT18M51S,8269742.0,5612.0,112632.0,3162.0,Monday,Forensic Science,1131.0,0:18:51
2017-10-09,114,4,26,Confederate monuments,2017-10-08,1300000.0,115,230.0,LastWeekTonight,Confederacy: Last Week Tonight with John Oliver (HBO),2017-10-09 06:30:01+00:00,J5b_-TZwQ0I,PT21M39S,22395894.0,58655.0,301171.0,25583.0,Monday,Confederacy,1299.0,0:21:39
2017-10-16,115,4,27,Equifax security breach,2017-10-15,1250000.0,116,130.0,LastWeekTonight,Equifax: Last Week Tonight with John Oliver (HBO),2017-10-16 06:30:00+00:00,mPjgRKW_Jmk,PT15M22S,6632718.0,5992.0,95869.0,3449.0,Monday,Equifax,922.0,0:15:22
2017-10-30,116,4,28,National Flood Insurance Program,2017-10-29,960000.0,117,168.0,LastWeekTonight,Floods: Last Week Tonight with John Oliver (HBO),2017-10-30 06:30:01+00:00,pf1t7cs9dkc,PT19M29S,8726915.0,5500.0,101420.0,4093.0,Monday,Floods,1169.0,0:19:29
2017-11-06,117,4,29,Economic development incentives,2017-11-05,1010000.0,118,195.0,LastWeekTonight,Economic Development: Last Week Tonight with John Oliver (HBO),2017-11-06 07:30:00+00:00,8bl19RoR7lc,PT14M56S,8760857.0,6363.0,95627.0,4356.0,Monday,Economic Development,896.0,0:14:56
2017-11-13,118,4,30,Presidency of Donald Trump,2017-11-12,1200000.0,119,261.0,LastWeekTonight,The Trump Presidency: Last Week Tonight with John Oliver (HBO),2017-11-13 07:30:00+00:00,1ZAPwfrtAFY,PT23M51S,17805013.0,23132.0,229156.0,17344.0,Monday,The Trump Presidency,1431.0,0:23:51
2018-02-19,119,5,1,Trump vs. The World (soft power),2018-02-18,1200000.0,120,232.0,LastWeekTonight,Trump vs. The World: Last Week Tonight with John Oliver (HBO),2018-02-19 07:30:01+00:00,QCjk_NPsIqU,PT19M15S,15671894.0,28736.0,236748.0,17815.0,Monday,Trump vs. The World,1155.0,0:19:15
2018-02-26,120,5,2,2018 Italian general election,2018-02-25,1110000.0,121,221.0,LastWeekTonight,Italian Election: Last Week Tonight with John Oliver (HBO),2018-02-26 07:30:00+00:00,LdhQzXHYLZ4,PT21M12S,9512231.0,19039.0,158184.0,11343.0,Monday,Italian Election,1272.0,0:21:12
2018-03-05,121,5,3,NRA TV,2018-03-04,940000.0,122,216.0,LastWeekTonight,NRA TV: Last Week Tonight with John Oliver (HBO),2018-03-05 07:30:01+00:00,LEcbagW4O-s,PT20M1S,11176343.0,23758.0,175479.0,14085.0,Monday,NRA TV,1201.0,0:20:01
2018-03-12,122,5,4,Bitcoin and cryptocurrencies,2018-03-11,1080000.0,123,179.0,LastWeekTonight,Cryptocurrencies: Last Week Tonight with John Oliver (HBO),2018-03-12 06:30:00+00:00,g6iDZspbRMg,PT25M21S,12015261.0,14803.0,155887.0,6826.0,Monday,Cryptocurrencies,1521.0,0:25:21
2018-03-19,123,5,5,Mike Pence and the announcement of the book A Day in the Life of Marlon Bundo,2018-03-18,1230000.0,124,189.0,LastWeekTonight,Mike Pence: Last Week Tonight with John Oliver (HBO),2018-03-19 06:30:00+00:00,rs2RlZQVXBU,PT20M27S,17981960.0,22439.0,221682.0,16131.0,Monday,Mike Pence,1227.0,0:20:27
2018-04-02,124,5,6,Executive Office for Immigration Review,2018-04-01,1260000.0,125,217.0,LastWeekTonight,Immigration Courts: Last Week Tonight with John Oliver (HBO),2018-04-02 06:30:00+00:00,9fB0GBwJ2QA,PT17M52S,5610647.0,11201.0,103433.0,4037.0,Monday,Immigration Courts,1072.0,0:17:52
2018-04-09,125,5,7,Crisis pregnancy centers,2018-04-08,1130000.0,126,248.0,LastWeekTonight,Crisis Pregnancy Centers: Last Week Tonight with John Oliver (HBO),2018-04-09 06:30:00+00:00,4NNpkv3Us1I,PT21M9S,5101504.0,20076.0,104981.0,8829.0,Monday,Crisis Pregnancy Centers,1269.0,0:21:09
2018-04-16,126,5,8,"Corporate tax avoidance in the United States, Tax Cuts and Jobs Act of 2017",2018-04-15,1230000.0,127,159.0,LastWeekTonight,Corporate Taxes: Last Week Tonight with John Oliver (HBO),2018-04-16 06:30:00+00:00,RKjk0ECXjiQ,PT16M3S,6858421.0,7105.0,88582.0,3252.0,Monday,Corporate Taxes,963.0,0:16:03
2018-04-23,127,5,9,"Iran-United States relations, Iranian nuclear deal",2018-04-22,1190000.0,128,237.0,LastWeekTonight,Iran Deal: Last Week Tonight with John Oliver (HBO),2018-04-23 06:30:02+00:00,5xnZ_CeTqyM,PT21M22S,9029200.0,10927.0,107080.0,6574.0,Monday,Iran Deal,1282.0,0:21:22
2018-05-07,128,5,10,Rudy Giuliani,2018-05-06,1240000.0,129,66.0,LastWeekTonight,Rudy Giuliani: Last Week Tonight with John Oliver (HBO),2018-05-07 06:30:00+00:00,mXQuto1fMp4,PT15M37S,9219093.0,5583.0,108808.0,4584.0,Monday,Rudy Giuliani,937.0,0:15:37
2018-05-14,129,5,11,Crisis in Venezuela,2018-05-13,1030000.0,130,275.0,LastWeekTonight,Venezuela: Last Week Tonight with John Oliver (HBO),2018-05-14 06:30:01+00:00,IYfgvS0FA7U,PT19M33S,8508997.0,20412.0,108606.0,15236.0,Monday,Venezuela,1173.0,0:19:33
2018-05-21,130,5,12,Drug rehabilitation clinics,2018-05-20,1280000.0,131,110.0,LastWeekTonight,Rehab: Last Week Tonight with John Oliver (HBO),2018-05-21 06:30:00+00:00,hWQiXv0sn9Y,PT19M7S,8296409.0,7864.0,108345.0,2930.0,Monday,Rehab,1147.0,0:19:07
2018-06-04,131,5,13,Legal guardianship in elder care,2018-06-03,1140000.0,132,136.0,LastWeekTonight,Guardianship: Last Week Tonight with John Oliver (HBO),2018-06-04 06:30:00+00:00,nG2pEffLEJo,PT16M2S,5359526.0,5479.0,90129.0,1973.0,Monday,Guardianship,962.0,0:16:02
2018-06-11,132,5,14,"Stupid Watergate, Special Counsel investigation",2018-06-10,1140000.0,133,129.0,LastWeekTonight,Stupid Watergate II: Last Week Tonight with John Oliver (HBO),2018-06-11 06:30:00+00:00,mOVPStnVgvU,PT17M50S,7064093.0,8421.0,97784.0,4239.0,Monday,Stupid Watergate II,1070.0,0:17:50
2018-06-18,133,5,15,China and Xi Jinping,2018-06-17,1190000.0,134,246.0,LastWeekTonight,Xi Jinping: Last Week Tonight with John Oliver (HBO),2018-06-18 06:30:00+00:00,OubM8bD9kck,PT20M26S,11790429.0,18962.0,147419.0,10107.0,Monday,Xi Jinping,1226.0,0:20:26
2018-06-25,134,5,16,2018 Mexican elections,2018-06-24,940000.0,135,233.0,LastWeekTonight,Mexican Elections: Last Week Tonight with John Oliver (HBO),2018-06-25 06:30:00+00:00,8-hahRWhFvg,PT20M9S,7859609.0,12319.0,98723.0,7661.0,Monday,Mexican Elections,1209.0,0:20:09
2018-07-02,135,5,17,CRISPR and genome editing,2018-07-01,1120000.0,136,165.0,LastWeekTonight,Gene Editing: Last Week Tonight with John Oliver (HBO),2018-07-02 06:30:00+00:00,AJm8PeWkiEU,PT19M39S,8945949.0,12267.0,107940.0,4492.0,Monday,Gene Editing,1179.0,0:19:39
2018-07-30,136,5,18,Sexual harassment in the workplace in the United States,2018-07-29,920000.0,137,255.0,LastWeekTonight,Workplace Sexual Harassment: Last Week Tonight with John Oliver (HBO),2018-07-30 06:30:00+00:00,dHiAls8loz4,PT28M44S,8637300.0,19208.0,140268.0,10746.0,Monday,Workplace Sexual Harassment,1724.0,0:28:44
2018-08-06,137,5,19,District attorneys in the United States,2018-08-05,990000.0,138,139.0,LastWeekTonight,Prosecutors: Last Week Tonight with John Oliver (HBO),2018-08-06 06:30:00+00:00,ET_b78GSBUs,PT19M44S,6555174.0,6671.0,88110.0,2701.0,Monday,Prosecutors,1184.0,0:19:44
2018-08-13,138,5,20,Astroturfing,2018-08-12,1030000.0,139,70.0,LastWeekTonight,Astroturfing: Last Week Tonight with John Oliver (HBO),2018-08-13 06:30:00+00:00,Fmh4RdIwswE,PT18M34S,8094166.0,6777.0,105451.0,3946.0,Monday,Astroturfing,1114.0,0:18:34
2018-08-20,139,5,21,Trump tariffs,2018-08-19,1170000.0,140,173.0,LastWeekTonight,Trade: Last Week Tonight with John Oliver (HBO),2018-08-20 06:30:00+00:00,etkd57lPfPU,PT21M14S,12435850.0,12605.0,141366.0,6082.0,Monday,Trade,1274.0,0:21:14
2018-09-10,140,5,22,Felony voting disenfranchisement,2018-09-09,900000.0,141,202.0,LastWeekTonight,Felony Disenfranchisement: Last Week Tonight with John Oliver (HBO),2018-09-10 06:30:02+00:00,NpPyLcQ2vdI,PT13M22S,4934375.0,9678.0,81814.0,3852.0,Monday,Felony Disenfranchisement,802.0,0:13:22
2018-09-24,141,5,23,Facebook and the 2017 Rohingya persecution in Myanmar,2018-09-23,1010000.0,142,172.0,LastWeekTonight,Facebook: Last Week Tonight with John Oliver (HBO),2018-09-24 06:30:00+00:00,OjPYmEZxACM,PT19M41S,6439699.0,11002.0,118041.0,6606.0,Monday,Facebook,1181.0,0:19:41
2018-10-01,142,5,24,Brett Kavanaugh sexual assault allegations,2018-09-30,1160000.0,143,276.0,LastWeekTonight,Brett Kavanaugh: Last Week Tonight with John Oliver (HBO),2018-10-01 06:30:01+00:00,opi8X9hQ7q8,PT29M12S,12175478.0,36642.0,183920.0,31509.0,Monday,Brett Kavanaugh,1752.0,0:29:12
2018-10-08,143,5,25,2018 Brazilian general election,2018-10-07,1000000.0,144,291.0,LastWeekTonight,Brazilian Elections: Last Week Tonight with John Oliver (HBO),2018-10-08 06:30:00+00:00,FsZ3p9gOkpY,PT16M14S,5389825.0,52743.0,122674.0,133714.0,Monday,Brazilian Elections,974.0,0:16:14
2018-10-15,144,5,26,Disappearance of Jamal Khashoggi and Saudi Arabia–United States relations,2018-10-14,920000.0,145,263.0,LastWeekTonight,Saudi Arabia: Last Week Tonight with John Oliver (HBO),2018-10-15 06:30:00+00:00,ViDPIyiszoo,PT18M11S,9409715.0,14363.0,123387.0,13930.0,Monday,Saudi Arabia,1091.0,0:18:11
2018-10-29,145,5,27,State attorneys general,2018-10-28,920000.0,146,163.0,LastWeekTonight,State Attorneys General: Last Week Tonight with John Oliver (HBO),2018-10-29 06:30:00+00:00,UpdMYOtAmKY,PT19M7S,5487150.0,6420.0,80605.0,3381.0,Monday,State Attorneys General,1147.0,0:19:07
2018-11-05,146,5,28,Trump administration family separation policy,2018-11-04,650000.0,147,185.0,LastWeekTonight,Family Separation: Last Week Tonight with John Oliver (HBO),2018-11-05 07:30:00+00:00,ygVX1z6tDGI,PT18M20S,4809173.0,19247.0,123655.0,4541.0,Monday,Family Separation,1100.0,0:18:20
2018-11-12,147,5,29,Drain the Swamp,2018-11-11,780000.0,148,152.0,LastWeekTonight,Drain the Swamp: Last Week Tonight with John Oliver (HBO),2018-11-12 07:30:01+00:00,5HS2TstPfW4,PT16M37S,7051176.0,8677.0,95283.0,4191.0,Monday,Drain the Swamp,997.0,0:16:37
2018-11-19,148,5,30,Authoritarianism,2018-11-18,760000.0,149,228.0,LastWeekTonight,Authoritarianism: Last Week Tonight with John Oliver (HBO),2018-11-19 07:30:02+00:00,ximgPmJ9A5s,PT18M29S,8846835.0,19514.0,134992.0,9083.0,Monday,Authoritarianism,1109.0,0:18:29
2019-02-18,149,6,1,Aftermath of Brexit,2019-02-17,1030000.0,150,210.0,LastWeekTonight,Brexit III: Last Week Tonight with John Oliver (HBO),2019-02-18 07:30:00+00:00,HaBQfSAVt0s,PT21M27S,13765620.0,19679.0,161811.0,7910.0,Monday,Brexit III,1287.0,0:21:27
2019-02-25,150,6,2,Psychics,2019-02-24,840000.0,151,51.0,LastWeekTonight,Psychics: Last Week Tonight with John Oliver (HBO),2019-02-25 08:00:02+00:00,WhMGcp9xIhY,PT21M7S,11131393.0,17062.0,163131.0,5016.0,Monday,Psychics,1267.0,0:21:07
2019-03-04,151,6,3,Automation and technological unemployment,2019-03-03,970000.0,152,205.0,LastWeekTonight,Automation: Last Week Tonight with John Oliver (HBO),2019-03-04 07:30:01+00:00,_h1ooyyFkF0,PT19M48S,8036944.0,14092.0,133414.0,5194.0,Monday,Automation,1188.0,0:19:48
2019-03-11,152,6,4,Robocalls,2019-03-10,1080000.0,153,161.0,LastWeekTonight,Robocalls: Last Week Tonight with John Oliver (HBO),2019-03-11 06:30:00+00:00,FO0iG_P0P6M,PT17M46S,9000155.0,13598.0,168127.0,3970.0,Monday,Robocalls,1066.0,0:17:46
2019-03-18,153,6,5,Public and online shaming,2019-03-17,950000.0,154,234.0,LastWeekTonight,Public Shaming: Last Week Tonight with John Oliver (HBO),2019-03-18 06:30:01+00:00,Yq7Eh6JTKIg,PT26M45S,13327687.0,28055.0,230666.0,15032.0,Monday,Public Shaming,1605.0,0:26:45
2019-04-01,154,6,6,World Wrestling Entertainment and Vince McMahon,2019-03-31,870000.0,155,119.0,LastWeekTonight,WWE: Last Week Tonight with John Oliver (HBO),2019-04-01 06:30:01+00:00,m8UQ4O7UiDs,PT23M7S,10388204.0,18212.0,198503.0,7268.0,Monday,WWE,1387.0,0:23:07
2019-04-08,155,6,7,Mobile homes and Frank Rolfe,2019-04-07,920000.0,156,96.0,LastWeekTonight,Mobile Homes: Last Week Tonight with John Oliver (HBO),2019-04-08 06:30:00+00:00,jCC8fPQOaxU,PT15M39S,8195080.0,13960.0,138977.0,4425.0,Monday,Mobile Homes,939.0,0:15:39
2019-04-15,156,6,8,Update on opioid abuse and Richard Sackler,2019-04-14,1340000.0,157,86.0,LastWeekTonight,Opioids II: Last Week Tonight with John Oliver (HBO),2019-04-15 06:30:02+00:00,-qCKR6wy94U,PT21M21S,7603084.0,8992.0,134087.0,2813.0,Monday,Opioids II,1281.0,0:21:21
2019-04-22,157,6,9,Mueller Report,2019-04-21,1310000.0,158,209.0,LastWeekTonight,Mueller Report: Last Week Tonight with John Oliver (HBO),2019-04-22 06:30:00+00:00,YMBj_tU7HRU,PT15M10S,7765290.0,10459.0,117638.0,9269.0,Monday,Mueller Report,910.0,0:15:10
2019-05-06,158,6,10,Lethal injection and midazolam,2019-05-05,1200000.0,159,196.0,LastWeekTonight,Lethal Injections: Last Week Tonight with John Oliver (HBO),2019-05-06 06:30:00+00:00,0lTczPEG8iI,PT19M22S,5961593.0,18676.0,130117.0,4825.0,Monday,Lethal Injections,1162.0,0:19:22
2019-05-13,159,6,11,Green New Deal and carbon pricing,2019-05-12,1160000.0,160,242.0,LastWeekTonight,Green New Deal: Last Week Tonight with John Oliver (HBO),2019-05-13 06:30:00+00:00,JDcro7dPqpA,PT19M28S,8099234.0,19427.0,170073.0,11677.0,Monday,Green New Deal,1168.0,0:19:28
2019-05-20,160,6,12,"Autopsies, coroners, and medical examiners",2019-05-19,1630000.0,161,203.0,LastWeekTonight,Death Investigations: Last Week Tonight with John Oliver (HBO),2019-05-20 06:30:02+00:00,hnoMsftQPY8,PT22M21S,6434656.0,7055.0,101506.0,2661.0,Monday,Death Investigations,1341.0,0:22:21
2019-06-03,161,6,13,Medical device design,2019-06-02,900000.0,162,214.0,LastWeekTonight,Medical Devices: Last Week Tonight with John Oliver (HBO),2019-06-03 06:30:00+00:00,-tIdzNlExrw,PT19M6S,5995733.0,5836.0,100974.0,3644.0,Monday,Medical Devices,1146.0,0:19:06
2019-06-10,162,6,14,Equal Rights Amendment and Phyllis Schlafly,2019-06-09,770000.0,163,225.0,LastWeekTonight,Equal Rights Amendment: Last Week Tonight with John Oliver (HBO),2019-06-10 06:30:00+00:00,bCBYJZ6QbUI,PT15M40S,5472740.0,12030.0,105462.0,7405.0,Monday,Equal Rights Amendment,940.0,0:15:40
2019-06-17,163,6,15,Impeachment in the United States and efforts to impeach Donald Trump,2019-06-16,920000.0,164,256.0,LastWeekTonight,Impeachment: Last Week Tonight with John Oliver (HBO),2019-06-17 06:30:00+00:00,zxT8CM8XntA,PT20M21S,8432163.0,16298.0,131800.0,12654.0,Monday,Impeachment,1221.0,0:20:21
2019-06-24,164,6,16,Mount Everest and Sherpa people,2019-06-23,920000.0,165,154.0,LastWeekTonight,Everest: Last Week Tonight with John Oliver (HBO),2019-06-24 06:30:00+00:00,Bchx0mS7XOY,PT22M3S,8008197.0,10245.0,142819.0,5847.0,Monday,Everest,1323.0,0:22:03
2019-07-01,165,6,17,"E-commerce, warehouse working conditions, Amazon and business logistics",2019-06-30,840000.0,166,182.0,LastWeekTonight,Warehouses: Last Week Tonight with John Oliver (HBO),2019-07-01 14:02:02+00:00,d9m7d07k22A,PT21M18S,8923147.0,20305.0,152794.0,5955.0,Monday,Warehouses,1278.0,0:21:18
2019-07-29,166,6,18,Boris Johnson,2019-07-28,710000.0,167,183.0,LastWeekTonight,Boris Johnson: Last Week Tonight with John Oliver (HBO),2019-07-29 06:30:02+00:00,dXyO_MC9g3k,PT22M3S,8579679.0,14229.0,150965.0,7530.0,Monday,Boris Johnson,1323.0,0:22:03
2019-08-05,167,6,19,Penal labor in the United States and Securus Technologies,2019-08-04,810000.0,168,91.0,LastWeekTonight,Prison Labor: Last Week Tonight with John Oliver (HBO),2019-08-05 06:30:00+00:00,AjqaNQ018zU,PT18M9S,5322161.0,12941.0,117679.0,3528.0,Monday,Prison Labor,1089.0,0:18:09
2019-08-12,168,6,20,Gurbanguly Berdimuhamedow and Guinness World Records,2019-08-11,850000.0,169,145.0,LastWeekTonight,Gurbanguly Berdimuhamedov: Last Week Tonight with John Oliver (HBO),2019-08-12 06:30:00+00:00,-9QYu8LtH2E,PT20M41S,8838377.0,13701.0,215151.0,5245.0,Monday,Gurbanguly Berdimuhamedov,1241.0,0:20:41
2019-08-19,169,6,21,Sexism and racism in medicine,2019-08-18,920000.0,170,267.0,LastWeekTonight,Bias In Medicine: Last Week Tonight with John Oliver (HBO),2019-08-19 06:30:00+00:00,TATSAHJKRd8,PT22M38S,7446239.0,19031.0,133832.0,14967.0,Monday,Bias In Medicine,1358.0,0:22:38
2019-09-09,170,6,22,Filibuster in the United States Senate,2019-09-08,740000.0,171,113.0,LastWeekTonight,Filibuster: Last Week Tonight with John Oliver,2019-09-09 06:30:01+00:00,3y1QA6OeAcQ,PT19M7S,5600089.0,7840.0,104181.0,3458.0,Monday,Filibuster,1147.0,0:19:07
2019-09-16,171,6,23,Immigration to the United States,2019-09-15,650000.0,172,201.0,LastWeekTonight,Legal Immigration: Last Week Tonight with John Oliver (HBO),2019-09-16 06:30:01+00:00,tXqnRMU1fTs,PT19M42S,6809227.0,17132.0,143512.0,5919.0,Monday,Legal Immigration,1182.0,0:19:42
2019-09-30,172,6,24,Compounding pharmacies,2019-09-29,820000.0,173,208.0,LastWeekTonight,Compounding Pharmacies: Last Week Tonight with John Oliver (HBO),2019-09-30 06:30:00+00:00,Nuzi7LlSDVo,PT19M15S,5180398.0,7381.0,103419.0,2670.0,Monday,Compounding Pharmacies,1155.0,0:19:15
2019-10-07,173,6,25,History of the People's Republic of China and its one-child policy,2019-10-06,810000.0,174,143.0,LastWeekTonight,One Child Policy: Last Week Tonight with John Oliver (HBO),2019-10-07 06:30:00+00:00,SE_ccFHjL_w,PT23M5S,6587770.0,14008.0,119006.0,5545.0,Monday,One Child Policy,1385.0,0:23:05
2019-10-14,174,6,26,"Weather forecasting, Barry Lee Myers and the National Weather Service",2019-10-13,780000.0,175,95.0,LastWeekTonight,Weather: Last Week Tonight with John Oliver (HBO),2019-10-14 06:30:00+00:00,qMGn9T37eR8,PT16M27S,6051144.0,6198.0,114356.0,2688.0,Monday,Weather,987.0,0:16:27
2019-10-28,175,6,27,American abandonment of Kurds in Syria,2019-10-27,890000.0,176,176.0,LastWeekTonight,Trump &amp; Syria: Last Week Tonight with John Oliver (HBO),2019-10-28 06:30:00+00:00,2u_pZ-SgACk,PT19M43S,7163427.0,15965.0,137241.0,6304.0,Monday,Trump &amp; Syria,1183.0,0:19:43
2019-11-04,176,6,28,Election security in the United States,2019-11-03,720000.0,177,190.0,LastWeekTonight,Voting Machines: Last Week Tonight with John Oliver (HBO),2019-11-04 07:30:01+00:00,svEuG_ekNT0,PT19M22S,4919321.0,9320.0,88075.0,2589.0,Monday,Voting Machines,1162.0,0:19:22
2019-11-11,177,6,29,Bob Murray and strategic lawsuit against public participation,2019-11-10,730000.0,178,65.0,LastWeekTonight,SLAPP Suits: Last Week Tonight with John Oliver (HBO),2019-11-11 07:30:01+00:00,UN8bJb8biZU,PT26M25S,10404875.0,29035.0,335843.0,3744.0,Monday,SLAPP Suits,1585.0,0:26:25
2019-11-18,178,6,30,2020 United States Census,2019-11-17,880000.0,179,107.0,LastWeekTonight,The Census: Last Week Tonight with John Oliver (HBO),2019-11-18 07:30:00+00:00,1aheRpmurAo,PT17M38S,5519592.0,7600.0,98190.0,3216.0,Monday,The Census,1058.0,0:17:38
2020-02-17,179,7,1,Medicare for All,2020-02-16,820000.0,180,135.0,LastWeekTonight,Medicare for All: Last Week Tonight with John Oliver (HBO),2020-02-17 07:30:00+00:00,7Z2XRg3dy9k,PT19M54S,9120482.0,43459.0,220225.0,9916.0,Monday,Medicare for All,1194.0,0:19:54
2020-02-24,180,7,2,Narendra Modi and Citizenship Amendment Act protests,2020-02-23,750000.0,181,273.0,LastWeekTonight,Modi: Last Week Tonight with John Oliver (HBO),2020-02-24 07:30:01+00:00,qVIXUhZ2AWs,PT18M48S,10351457.0,74360.0,338928.0,62385.0,Monday,Modi,1128.0,0:18:48
2020-03-02,181,7,3,"COVID-19 pandemic and governmental response in the US (""Coronavirus"")",2020-03-01,930000.0,182,188.0,LastWeekTonight,Coronavirus: Last Week Tonight with John Oliver (HBO),2020-03-02 07:30:02+00:00,c09m5f7Gnic,PT20M10S,15038835.0,26318.0,301280.0,12027.0,Monday,Coronavirus,1210.0,0:20:10
2020-03-09,182,7,4,Sheriffs in the United States,2020-03-08,950000.0,183,115.0,LastWeekTonight,Sheriffs: Last Week Tonight with John Oliver (HBO),2020-03-09 06:30:01+00:00,v_kak7kAdNw,PT16M33S,7496952.0,9843.0,131881.0,6507.0,Monday,Sheriffs,993.0,0:16:33
2020-03-16,183,7,5,"COVID-19 pandemic, governmental response in the US, and the prevention of COVID–19 (""Coronavirus II"")",2020-03-15,890000.0,184,157.0,LastWeekTonight,Coronavirus II: Last Week Tonight with John Oliver (HBO),2020-03-16 06:30:02+00:00,_066dEkycr4,PT22M11S,11887039.0,38706.0,355289.0,9707.0,Monday,Coronavirus II,1331.0,0:22:11
2020-03-30,184,7,6,"COVID-19 pandemic related shortages and social distancing (""Coronavirus III"")",2020-03-29,970000.0,185,118.0,LastWeekTonight,Coronavirus III: Last Week Tonight with John Oliver (HBO),2020-03-30 06:30:02+00:00,ElIf2DBrWzU,PT19M29S,10077739.0,40588.0,297927.0,10084.0,Monday,Coronavirus III,1169.0,0:19:29
2020-04-06,185,7,7,One America News Network,2020-04-05,970000.0,186,133.0,LastWeekTonight,OAN: Last Week Tonight with John Oliver (HBO),2020-04-06 06:30:02+00:00,UnSILVWDKL8,PT18M6S,8802789.0,32047.0,241804.0,11286.0,Monday,OAN,1086.0,0:18:06
2020-04-13,186,7,8,"Essential workers and unemployment in the United States during the Coronavirus recession (""Coronavirus IV"")",2020-04-12,910000.0,187,169.0,LastWeekTonight,Coronavirus IV: Last Week Tonight with John Oliver (HBO),2020-04-13 06:45:02+00:00,6s4Bx7mzNkM,PT20M38S,8337817.0,29195.0,196619.0,6975.0,Monday,Coronavirus IV,1238.0,0:20:38
2020-04-20,187,7,9,"Misinformation related to the 2019–20 coronavirus pandemic (""Coronavirus V"")",2020-04-19,1040000.0,188,141.0,LastWeekTonight,Coronavirus V: Last Week Tonight with John Oliver (HBO),2020-04-20 06:30:04+00:00,dRFbwjwQ4VE,PT20M58S,8549871.0,31713.0,237790.0,6224.0,Monday,Coronavirus V,1258.0,0:20:58
2020-05-04,188,7,10,"COVID-19 testing (""Coronavirus VI"")",2020-05-03,950000.0,189,166.0,LastWeekTonight,Coronavirus VI: Testing: Last Week Tonight with John Oliver (HBO),2020-05-04 06:45:00+00:00,7rl4c-jr7g0,PT23M14S,7929161.0,22392.0,162301.0,5678.0,Monday,Coronavirus VI,1394.0,0:23:14
2020-05-11,189,7,11,United States Postal Service and Postal Accountability and Enhancement Act of 2006,2020-05-10,830000.0,190,58.0,LastWeekTonight,USPS: Last Week Tonight with John Oliver (HBO),2020-05-11 06:30:02+00:00,IoL8g0W9gAQ,PT18M15S,7034668.0,17467.0,189141.0,4551.0,Monday,USPS,1095.0,0:18:15
2020-05-18,190,7,12,"Impact of the COVID-19 pandemic on sports (""Coronavirus VII""), Jelle's Marble Runs & Marble League 2020",2020-05-17,900000.0,191,171.0,LastWeekTonight,Coronavirus VII: Sports: Last Week Tonight with John Oliver (HBO),2020-05-18 06:30:08+00:00,z4gBMw64aqk,PT21M46S,7007763.0,19312.0,168504.0,5877.0,Monday,Coronavirus VII,1306.0,0:21:46
2020-06-01,191,7,13,Postal voting in the United States,2020-05-31,830000.0,192,148.0,LastWeekTonight,Voting by Mail: Last Week Tonight with John Oliver (HBO),2020-06-01 06:45:00+00:00,l-nEHkgm_Gk,PT19M12S,6868466.0,19552.0,155066.0,6693.0,Monday,Voting by Mail,1152.0,0:19:12
2020-06-08,192,7,14,Police brutality in the United States and George Floyd protests,2020-06-07,800000.0,193,235.0,LastWeekTonight,Police: Last Week Tonight with John Oliver (HBO),2020-06-08 06:30:03+00:00,Wf4cea5oObY,PT33M33S,14022382.0,56581.0,515950.0,30716.0,Monday,Police,2013.0,0:33:33
2020-06-15,193,7,15,"Facial recognition system, Clearview AI, and Hoan Ton-That",2020-06-14,670000.0,194,132.0,LastWeekTonight,Facial Recognition: Last Week Tonight with John Oliver (HBO),2020-06-15 07:00:16+00:00,jZjmlJPJgug,PT21M11S,7329276.0,15108.0,172948.0,6067.0,Monday,Facial Recognition,1271.0,0:21:11
2020-06-22,194,7,16,"COVID-19 pandemic in prisons and jails (""Coronavirus VIII"")",2020-06-21,860000.0,195,147.0,LastWeekTonight,Coronavirus VIII: Prisons &amp; Jails: Last Week Tonight with John Oliver (HBO),2020-06-22 06:30:01+00:00,MuxnH0VAkAM,PT18M33S,4864650.0,13385.0,127450.0,5323.0,Monday,Coronavirus VIII,1113.0,0:18:33
2020-06-29,195,7,17,"Effect of the COVID-19 pandemic on evictions (""Coronavirus IX"")",2020-06-28,880000.0,196,120.0,LastWeekTonight,Coronavirus IX: Evictions: Last Week Tonight with John Oliver (HBO),2020-06-29 06:30:01+00:00,R652nwUcJRA,PT18M59S,6501795.0,23637.0,134005.0,5768.0,Monday,Coronavirus IX,1139.0,0:18:59
2020-07-20,196,7,18,"Conspiracy theories about COVID-19 (""Coronavirus X"")",2020-07-19,860000.0,197,97.0,LastWeekTonight,Coronavirus: Conspiracy Theories: Last Week Tonight with John Oliver (HBO),2020-07-20 06:30:00+00:00,0b_eHBZLM6U,PT22M19S,6079936.0,27550.0,193621.0,7046.0,Monday,Coronavirus,1339.0,0:22:19
2020-07-27,197,7,19,Xinjiang re-education camps,2020-07-26,,198,93.0,LastWeekTonight,China &amp; Uighurs: Last Week Tonight with John Oliver (HBO),2020-07-27 06:30:00+00:00,17oCQakzIl8,PT20M52S,5879645.0,33863.0,206957.0,8224.0,Monday,China &amp; Uighurs,1252.0,0:20:52
